Library	Dataset	Manuscript	FileName	Bibliographical record	IIIF image ID	Width (px)	Height (px)
BULAC	RASAM1	MS.ARA.609	BULAC_MS_ARA_609_0004	https://bina.bulac.fr/s/bina/ark:/73193/b63z67	0004	4264	5786
BULAC	RASAM1	MS.ARA.609	BULAC_MS_ARA_609_0005	https://bina.bulac.fr/s/bina/ark:/73193/b63z67	0005	4264	5714
BULAC	RASAM1	MS.ARA.609	BULAC_MS_ARA_609_0006	https://bina.bulac.fr/s/bina/ark:/73193/b63z67	0006	4264	5515
BULAC	RASAM1	MS.ARA.609	BULAC_MS_ARA_609_0007	https://bina.bulac.fr/s/bina/ark:/73193/b63z67	0007	4264	5488
BULAC	RASAM1	MS.ARA.609	BULAC_MS_ARA_609_0010	https://bina.bulac.fr/s/bina/ark:/73193/b63z67	0010	4264	5419
BULAC	RASAM1	MS.ARA.609	BULAC_MS_ARA_609_0011	https://bina.bulac.fr/s/bina/ark:/73193/b63z67	0011	4264	5522
BULAC	RASAM1	MS.ARA.609	BULAC_MS_ARA_609_0012	https://bina.bulac.fr/s/bina/ark:/73193/b63z67	0012	4264	5429
BULAC	RASAM1	MS.ARA.609	BULAC_MS_ARA_609_0014	https://bina.bulac.fr/s/bina/ark:/73193/b63z67	0014	4264	5429
BULAC	RASAM1	MS.ARA.609	BULAC_MS_ARA_609_0016	https://bina.bulac.fr/s/bina/ark:/73193/b63z67	0016	4264	5451
BULAC	RASAM1	MS.ARA.609	BULAC_MS_ARA_609_0017	https://bina.bulac.fr/s/bina/ark:/73193/b63z67	0017	4264	5500
BULAC	RASAM1	MS.ARA.609	BULAC_MS_ARA_609_0019	https://bina.bulac.fr/s/bina/ark:/73193/b63z67	0019	4264	5537
BULAC	RASAM1	MS.ARA.609	BULAC_MS_ARA_609_0021	https://bina.bulac.fr/s/bina/ark:/73193/b63z67	0021	4264	5495
BULAC	RASAM1	MS.ARA.609	BULAC_MS_ARA_609_0022	https://bina.bulac.fr/s/bina/ark:/73193/b63z67	0022	4264	5827
BULAC	RASAM1	MS.ARA.609	BULAC_MS_ARA_609_0024	https://bina.bulac.fr/s/bina/ark:/73193/b63z67	0024	4264	5685
BULAC	RASAM1	MS.ARA.609	BULAC_MS_ARA_609_0025	https://bina.bulac.fr/s/bina/ark:/73193/b63z67	0025	4264	5767
BULAC	RASAM1	MS.ARA.609	BULAC_MS_ARA_609_0026	https://bina.bulac.fr/s/bina/ark:/73193/b63z67	0026	4264	5581
BULAC	RASAM1	MS.ARA.609	BULAC_MS_ARA_609_0030	https://bina.bulac.fr/s/bina/ark:/73193/b63z67	0030	4264	5446
BULAC	RASAM1	MS.ARA.609	BULAC_MS_ARA_609_0032	https://bina.bulac.fr/s/bina/ark:/73193/b63z67	0032	4264	5446
BULAC	RASAM1	MS.ARA.609	BULAC_MS_ARA_609_0035	https://bina.bulac.fr/s/bina/ark:/73193/b63z67	0035	4264	5461
BULAC	RASAM1	MS.ARA.609	BULAC_MS_ARA_609_0037	https://bina.bulac.fr/s/bina/ark:/73193/b63z67	0037	4264	5420
BULAC	RASAM1	MS.ARA.609	BULAC_MS_ARA_609_0038	https://bina.bulac.fr/s/bina/ark:/73193/b63z67	0038	4264	5585
BULAC	RASAM1	MS.ARA.609	BULAC_MS_ARA_609_0040	https://bina.bulac.fr/s/bina/ark:/73193/b63z67	0040	4264	5421
BULAC	RASAM1	MS.ARA.609	BULAC_MS_ARA_609_0041	https://bina.bulac.fr/s/bina/ark:/73193/b63z67	0041	4264	5429
BULAC	RASAM1	MS.ARA.609	BULAC_MS_ARA_609_0042	https://bina.bulac.fr/s/bina/ark:/73193/b63z67	0042	4264	5579
BULAC	RASAM1	MS.ARA.609	BULAC_MS_ARA_609_0043	https://bina.bulac.fr/s/bina/ark:/73193/b63z67	0043	4264	5500
BULAC	RASAM1	MS.ARA.609	BULAC_MS_ARA_609_0044	https://bina.bulac.fr/s/bina/ark:/73193/b63z67	0044	4264	5717
BULAC	RASAM1	MS.ARA.609	BULAC_MS_ARA_609_0045	https://bina.bulac.fr/s/bina/ark:/73193/b63z67	0045	4264	5717
BULAC	RASAM1	MS.ARA.609	BULAC_MS_ARA_609_0048	https://bina.bulac.fr/s/bina/ark:/73193/b63z67	0048	4264	5479
BULAC	RASAM1	MS.ARA.609	BULAC_MS_ARA_609_0049	https://bina.bulac.fr/s/bina/ark:/73193/b63z67	0049	4264	5479
BULAC	RASAM1	MS.ARA.609	BULAC_MS_ARA_609_0053	https://bina.bulac.fr/s/bina/ark:/73193/b63z67	0053	4264	5479
BULAC	RASAM1	MS.ARA.609	BULAC_MS_ARA_609_0057	https://bina.bulac.fr/s/bina/ark:/73193/b63z67	0057	4264	5469
BULAC	RASAM1	MS.ARA.609	BULAC_MS_ARA_609_0059	https://bina.bulac.fr/s/bina/ark:/73193/b63z67	0059	4264	5534
BULAC	RASAM1	MS.ARA.609	BULAC_MS_ARA_609_0060	https://bina.bulac.fr/s/bina/ark:/73193/b63z67	0060	4264	5534
BULAC	RASAM1	MS.ARA.609	BULAC_MS_ARA_609_0064	https://bina.bulac.fr/s/bina/ark:/73193/b63z67	0064	4264	5636
BULAC	RASAM1	MS.ARA.609	BULAC_MS_ARA_609_0070	https://bina.bulac.fr/s/bina/ark:/73193/b63z67	0070	4264	5512
BULAC	RASAM1	MS.ARA.609	BULAC_MS_ARA_609_0073	https://bina.bulac.fr/s/bina/ark:/73193/b63z67	0073	4264	5501
BULAC	RASAM1	MS.ARA.609	BULAC_MS_ARA_609_0075	https://bina.bulac.fr/s/bina/ark:/73193/b63z67	0075	4264	5501
BULAC	RASAM1	MS.ARA.609	BULAC_MS_ARA_609_0078	https://bina.bulac.fr/s/bina/ark:/73193/b63z67	0078	4264	5534
BULAC	RASAM1	MS.ARA.609	BULAC_MS_ARA_609_0079	https://bina.bulac.fr/s/bina/ark:/73193/b63z67	0079	4264	5447
BULAC	RASAM1	MS.ARA.609	BULAC_MS_ARA_609_0080	https://bina.bulac.fr/s/bina/ark:/73193/b63z67	0080	4264	5447
BULAC	RASAM1	MS.ARA.609	BULAC_MS_ARA_609_0082	https://bina.bulac.fr/s/bina/ark:/73193/b63z67	0082	4264	5534
BULAC	RASAM1	MS.ARA.609	BULAC_MS_ARA_609_0085	https://bina.bulac.fr/s/bina/ark:/73193/b63z67	0085	4264	5394
BULAC	RASAM1	MS.ARA.609	BULAC_MS_ARA_609_0086	https://bina.bulac.fr/s/bina/ark:/73193/b63z67	0086	4264	5479
BULAC	RASAM1	MS.ARA.609	BULAC_MS_ARA_609_0087	https://bina.bulac.fr/s/bina/ark:/73193/b63z67	0087	4264	5295
BULAC	RASAM1	MS.ARA.609	BULAC_MS_ARA_609_0088	https://bina.bulac.fr/s/bina/ark:/73193/b63z67	0088	4264	5404
BULAC	RASAM1	MS.ARA.609	BULAC_MS_ARA_609_0089	https://bina.bulac.fr/s/bina/ark:/73193/b63z67	0089	4264	5398
BULAC	RASAM1	MS.ARA.609	BULAC_MS_ARA_609_0091	https://bina.bulac.fr/s/bina/ark:/73193/b63z67	0091	4264	5506
BULAC	RASAM1	MS.ARA.609	BULAC_MS_ARA_609_0096	https://bina.bulac.fr/s/bina/ark:/73193/b63z67	0096	4264	5533
BULAC	RASAM1	MS.ARA.609	BULAC_MS_ARA_609_0097	https://bina.bulac.fr/s/bina/ark:/73193/b63z67	0097	4264	5502
BULAC	RASAM1	MS.ARA.609	BULAC_MS_ARA_609_0099	https://bina.bulac.fr/s/bina/ark:/73193/b63z67	0099	4264	5502
BULAC	RASAM1	MS.ARA.609	BULAC_MS_ARA_609_0101	https://bina.bulac.fr/s/bina/ark:/73193/b63z67	0101	4264	5396
BULAC	RASAM1	MS.ARA.609	BULAC_MS_ARA_609_0103	https://bina.bulac.fr/s/bina/ark:/73193/b63z67	0103	4264	5539
BULAC	RASAM1	MS.ARA.609	BULAC_MS_ARA_609_0104	https://bina.bulac.fr/s/bina/ark:/73193/b63z67	0104	4264	5530
BULAC	RASAM1	MS.ARA.609	BULAC_MS_ARA_609_0105	https://bina.bulac.fr/s/bina/ark:/73193/b63z67	0105	4264	5516
BULAC	RASAM1	MS.ARA.609	BULAC_MS_ARA_609_0106	https://bina.bulac.fr/s/bina/ark:/73193/b63z67	0106	4264	5530
BULAC	RASAM1	MS.ARA.609	BULAC_MS_ARA_609_0109	https://bina.bulac.fr/s/bina/ark:/73193/b63z67	0109	4264	5560
BULAC	RASAM1	MS.ARA.609	BULAC_MS_ARA_609_0110	https://bina.bulac.fr/s/bina/ark:/73193/b63z67	0110	4264	5530
BULAC	RASAM1	MS.ARA.609	BULAC_MS_ARA_609_0114	https://bina.bulac.fr/s/bina/ark:/73193/b63z67	0114	4264	5508
BULAC	RASAM1	MS.ARA.609	BULAC_MS_ARA_609_0115	https://bina.bulac.fr/s/bina/ark:/73193/b63z67	0115	4264	5505
BULAC	RASAM1	MS.ARA.609	BULAC_MS_ARA_609_0116	https://bina.bulac.fr/s/bina/ark:/73193/b63z67	0116	4264	5508
BULAC	RASAM1	MS.ARA.609	BULAC_MS_ARA_609_0119	https://bina.bulac.fr/s/bina/ark:/73193/b63z67	0119	4264	5487
BULAC	RASAM1	MS.ARA.609	BULAC_MS_ARA_609_0121	https://bina.bulac.fr/s/bina/ark:/73193/b63z67	0121	4264	5487
BULAC	RASAM1	MS.ARA.609	BULAC_MS_ARA_609_0122	https://bina.bulac.fr/s/bina/ark:/73193/b63z67	0122	4264	5510
BULAC	RASAM1	MS.ARA.609	BULAC_MS_ARA_609_0123	https://bina.bulac.fr/s/bina/ark:/73193/b63z67	0123	4264	5487
BULAC	RASAM1	MS.ARA.609	BULAC_MS_ARA_609_0125	https://bina.bulac.fr/s/bina/ark:/73193/b63z67	0125	4264	5531
BULAC	RASAM1	MS.ARA.609	BULAC_MS_ARA_609_0126	https://bina.bulac.fr/s/bina/ark:/73193/b63z67	0126	4264	5488
BULAC	RASAM1	MS.ARA.609	BULAC_MS_ARA_609_0127	https://bina.bulac.fr/s/bina/ark:/73193/b63z67	0127	4264	5454
BULAC	RASAM1	MS.ARA.609	BULAC_MS_ARA_609_0128	https://bina.bulac.fr/s/bina/ark:/73193/b63z67	0128	4264	5466
BULAC	RASAM1	MS.ARA.609	BULAC_MS_ARA_609_0133	https://bina.bulac.fr/s/bina/ark:/73193/b63z67	0133	4264	5454
BULAC	RASAM1	MS.ARA.609	BULAC_MS_ARA_609_0135	https://bina.bulac.fr/s/bina/ark:/73193/b63z67	0135	4264	5379
BULAC	RASAM1	MS.ARA.609	BULAC_MS_ARA_609_0136	https://bina.bulac.fr/s/bina/ark:/73193/b63z67	0136	4264	5521
BULAC	RASAM1	MS.ARA.609	BULAC_MS_ARA_609_0137	https://bina.bulac.fr/s/bina/ark:/73193/b63z67	0137	4264	5379
BULAC	RASAM1	MS.ARA.609	BULAC_MS_ARA_609_0139	https://bina.bulac.fr/s/bina/ark:/73193/b63z67	0139	4264	5465
BULAC	RASAM1	MS.ARA.609	BULAC_MS_ARA_609_0147	https://bina.bulac.fr/s/bina/ark:/73193/b63z67	0147	4264	5625
BULAC	RASAM1	MS.ARA.609	BULAC_MS_ARA_609_0149	https://bina.bulac.fr/s/bina/ark:/73193/b63z67	0149	4264	5481
BULAC	RASAM1	MS.ARA.609	BULAC_MS_ARA_609_0150	https://bina.bulac.fr/s/bina/ark:/73193/b63z67	0150	4264	5461
BULAC	RASAM1	MS.ARA.609	BULAC_MS_ARA_609_0152	https://bina.bulac.fr/s/bina/ark:/73193/b63z67	0152	4264	5505
BULAC	RASAM1	MS.ARA.609	BULAC_MS_ARA_609_0155	https://bina.bulac.fr/s/bina/ark:/73193/b63z67	0155	4264	5568
BULAC	RASAM1	MS.ARA.609	BULAC_MS_ARA_609_0156	https://bina.bulac.fr/s/bina/ark:/73193/b63z67	0156	4264	5479
BULAC	RASAM1	MS.ARA.609	BULAC_MS_ARA_609_0157	https://bina.bulac.fr/s/bina/ark:/73193/b63z67	0157	4264	5568
BULAC	RASAM1	MS.ARA.609	BULAC_MS_ARA_609_0159	https://bina.bulac.fr/s/bina/ark:/73193/b63z67	0159	4264	5413
BULAC	RASAM1	MS.ARA.609	BULAC_MS_ARA_609_0163	https://bina.bulac.fr/s/bina/ark:/73193/b63z67	0163	4264	5723
BULAC	RASAM1	MS.ARA.609	BULAC_MS_ARA_609_0166	https://bina.bulac.fr/s/bina/ark:/73193/b63z67	0166	4264	5723
BULAC	RASAM1	MS.ARA.609	BULAC_MS_ARA_609_0167	https://bina.bulac.fr/s/bina/ark:/73193/b63z67	0167	4264	5926
BULAC	RASAM1	MS.ARA.609	BULAC_MS_ARA_609_0168	https://bina.bulac.fr/s/bina/ark:/73193/b63z67	0168	4264	5530
BULAC	RASAM1	MS.ARA.609	BULAC_MS_ARA_609_0170	https://bina.bulac.fr/s/bina/ark:/73193/b63z67	0170	4264	5435
BULAC	RASAM1	MS.ARA.609	BULAC_MS_ARA_609_0171	https://bina.bulac.fr/s/bina/ark:/73193/b63z67	0171	4264	5403
BULAC	RASAM1	MS.ARA.609	BULAC_MS_ARA_609_0174	https://bina.bulac.fr/s/bina/ark:/73193/b63z67	0174	4264	5381
BULAC	RASAM1	MS.ARA.609	BULAC_MS_ARA_609_0175	https://bina.bulac.fr/s/bina/ark:/73193/b63z67	0175	4264	5321
BULAC	RASAM1	MS.ARA.609	BULAC_MS_ARA_609_0177	https://bina.bulac.fr/s/bina/ark:/73193/b63z67	0177	4264	5423
BULAC	RASAM1	MS.ARA.609	BULAC_MS_ARA_609_0178	https://bina.bulac.fr/s/bina/ark:/73193/b63z67	0178	4264	5524
BULAC	RASAM1	MS.ARA.609	BULAC_MS_ARA_609_0179	https://bina.bulac.fr/s/bina/ark:/73193/b63z67	0179	4264	5554
BULAC	RASAM1	MS.ARA.609	BULAC_MS_ARA_609_0184	https://bina.bulac.fr/s/bina/ark:/73193/b63z67	0184	4264	5807
BULAC	RASAM1	MS.ARA.609	BULAC_MS_ARA_609_0186	https://bina.bulac.fr/s/bina/ark:/73193/b63z67	0186	4264	5665
BULAC	RASAM1	MS.ARA.609	BULAC_MS_ARA_609_0188	https://bina.bulac.fr/s/bina/ark:/73193/b63z67	0188	4264	5496
BULAC	RASAM1	MS.ARA.609	BULAC_MS_ARA_609_0191	https://bina.bulac.fr/s/bina/ark:/73193/b63z67	0191	4264	5461
BULAC	RASAM1	MS.ARA.609	BULAC_MS_ARA_609_0193	https://bina.bulac.fr/s/bina/ark:/73193/b63z67	0193	4264	5461
BULAC	RASAM1	MS.ARA.609	BULAC_MS_ARA_609_0195	https://bina.bulac.fr/s/bina/ark:/73193/b63z67	0195	4264	5461
BULAC	RASAM1	MS.ARA.609	BULAC_MS_ARA_609_0199	https://bina.bulac.fr/s/bina/ark:/73193/b63z67	0199	4264	5472
BULAC	RASAM1	MS.ARA.609	BULAC_MS_ARA_609_0202	https://bina.bulac.fr/s/bina/ark:/73193/b63z67	0202	4264	5702
BULAC	RASAM1	MS.ARA.609	BULAC_MS_ARA_609_0203	https://bina.bulac.fr/s/bina/ark:/73193/b63z67	0203	4264	5804
BULAC	RASAM1	MS.ARA.417	BULAC_MS_ARA_417_0003	https://bina.bulac.fr/s/bina/ark:/73193/b2bw1q	0003	3819	4796
BULAC	RASAM1	MS.ARA.417	BULAC_MS_ARA_417_0004	https://bina.bulac.fr/s/bina/ark:/73193/b2bw1q	0004	3819	4796
BULAC	RASAM1	MS.ARA.417	BULAC_MS_ARA_417_0005	https://bina.bulac.fr/s/bina/ark:/73193/b2bw1q	0005	3819	4796
BULAC	RASAM1	MS.ARA.417	BULAC_MS_ARA_417_0006	https://bina.bulac.fr/s/bina/ark:/73193/b2bw1q	0006	3819	4796
BULAC	RASAM1	MS.ARA.417	BULAC_MS_ARA_417_0007	https://bina.bulac.fr/s/bina/ark:/73193/b2bw1q	0007	3819	4796
BULAC	RASAM1	MS.ARA.417	BULAC_MS_ARA_417_0008	https://bina.bulac.fr/s/bina/ark:/73193/b2bw1q	0008	3819	4796
BULAC	RASAM1	MS.ARA.417	BULAC_MS_ARA_417_0009	https://bina.bulac.fr/s/bina/ark:/73193/b2bw1q	0009	3819	4796
BULAC	RASAM1	MS.ARA.417	BULAC_MS_ARA_417_0010	https://bina.bulac.fr/s/bina/ark:/73193/b2bw1q	0010	3819	4796
BULAC	RASAM1	MS.ARA.417	BULAC_MS_ARA_417_0011	https://bina.bulac.fr/s/bina/ark:/73193/b2bw1q	0011	3819	4796
BULAC	RASAM1	MS.ARA.417	BULAC_MS_ARA_417_0012	https://bina.bulac.fr/s/bina/ark:/73193/b2bw1q	0012	3819	4796
BULAC	RASAM1	MS.ARA.417	BULAC_MS_ARA_417_0013	https://bina.bulac.fr/s/bina/ark:/73193/b2bw1q	0013	3819	4796
BULAC	RASAM1	MS.ARA.417	BULAC_MS_ARA_417_0014	https://bina.bulac.fr/s/bina/ark:/73193/b2bw1q	0014	3819	4796
BULAC	RASAM1	MS.ARA.417	BULAC_MS_ARA_417_0015	https://bina.bulac.fr/s/bina/ark:/73193/b2bw1q	0015	3819	4796
BULAC	RASAM1	MS.ARA.417	BULAC_MS_ARA_417_0016	https://bina.bulac.fr/s/bina/ark:/73193/b2bw1q	0016	3819	4796
BULAC	RASAM1	MS.ARA.417	BULAC_MS_ARA_417_0017	https://bina.bulac.fr/s/bina/ark:/73193/b2bw1q	0017	3819	4796
BULAC	RASAM1	MS.ARA.417	BULAC_MS_ARA_417_0018	https://bina.bulac.fr/s/bina/ark:/73193/b2bw1q	0018	3819	4796
BULAC	RASAM1	MS.ARA.417	BULAC_MS_ARA_417_0019	https://bina.bulac.fr/s/bina/ark:/73193/b2bw1q	0019	3819	4796
BULAC	RASAM1	MS.ARA.417	BULAC_MS_ARA_417_0020	https://bina.bulac.fr/s/bina/ark:/73193/b2bw1q	0020	3819	4796
BULAC	RASAM1	MS.ARA.417	BULAC_MS_ARA_417_0021	https://bina.bulac.fr/s/bina/ark:/73193/b2bw1q	0021	3819	4796
BULAC	RASAM1	MS.ARA.417	BULAC_MS_ARA_417_0022	https://bina.bulac.fr/s/bina/ark:/73193/b2bw1q	0022	3819	4796
BULAC	RASAM1	MS.ARA.417	BULAC_MS_ARA_417_0023	https://bina.bulac.fr/s/bina/ark:/73193/b2bw1q	0023	3819	4796
BULAC	RASAM1	MS.ARA.417	BULAC_MS_ARA_417_0024	https://bina.bulac.fr/s/bina/ark:/73193/b2bw1q	0024	3819	4796
BULAC	RASAM1	MS.ARA.417	BULAC_MS_ARA_417_0025	https://bina.bulac.fr/s/bina/ark:/73193/b2bw1q	0025	3819	4796
BULAC	RASAM1	MS.ARA.417	BULAC_MS_ARA_417_0026	https://bina.bulac.fr/s/bina/ark:/73193/b2bw1q	0026	3819	4796
BULAC	RASAM1	MS.ARA.417	BULAC_MS_ARA_417_0027	https://bina.bulac.fr/s/bina/ark:/73193/b2bw1q	0027	3819	4796
BULAC	RASAM1	MS.ARA.417	BULAC_MS_ARA_417_0028	https://bina.bulac.fr/s/bina/ark:/73193/b2bw1q	0028	3819	4796
BULAC	RASAM1	MS.ARA.417	BULAC_MS_ARA_417_0029	https://bina.bulac.fr/s/bina/ark:/73193/b2bw1q	0029	3819	4796
BULAC	RASAM1	MS.ARA.417	BULAC_MS_ARA_417_0030	https://bina.bulac.fr/s/bina/ark:/73193/b2bw1q	0030	3819	4796
BULAC	RASAM1	MS.ARA.417	BULAC_MS_ARA_417_0031	https://bina.bulac.fr/s/bina/ark:/73193/b2bw1q	0031	3819	4796
BULAC	RASAM1	MS.ARA.417	BULAC_MS_ARA_417_0032	https://bina.bulac.fr/s/bina/ark:/73193/b2bw1q	0032	3819	4796
BULAC	RASAM1	MS.ARA.417	BULAC_MS_ARA_417_0033	https://bina.bulac.fr/s/bina/ark:/73193/b2bw1q	0033	3819	4796
BULAC	RASAM1	MS.ARA.417	BULAC_MS_ARA_417_0034	https://bina.bulac.fr/s/bina/ark:/73193/b2bw1q	0034	3819	4796
BULAC	RASAM1	MS.ARA.417	BULAC_MS_ARA_417_0035	https://bina.bulac.fr/s/bina/ark:/73193/b2bw1q	0035	3819	4796
BULAC	RASAM1	MS.ARA.417	BULAC_MS_ARA_417_0036	https://bina.bulac.fr/s/bina/ark:/73193/b2bw1q	0036	3819	4796
BULAC	RASAM1	MS.ARA.417	BULAC_MS_ARA_417_0037	https://bina.bulac.fr/s/bina/ark:/73193/b2bw1q	0037	3819	4796
BULAC	RASAM1	MS.ARA.417	BULAC_MS_ARA_417_0038	https://bina.bulac.fr/s/bina/ark:/73193/b2bw1q	0038	3819	4796
BULAC	RASAM1	MS.ARA.417	BULAC_MS_ARA_417_0039	https://bina.bulac.fr/s/bina/ark:/73193/b2bw1q	0039	3819	4796
BULAC	RASAM1	MS.ARA.417	BULAC_MS_ARA_417_0040	https://bina.bulac.fr/s/bina/ark:/73193/b2bw1q	0040	3819	4796
BULAC	RASAM1	MS.ARA.417	BULAC_MS_ARA_417_0041	https://bina.bulac.fr/s/bina/ark:/73193/b2bw1q	0041	3941	4796
BULAC	RASAM1	MS.ARA.417	BULAC_MS_ARA_417_0042	https://bina.bulac.fr/s/bina/ark:/73193/b2bw1q	0042	3778	4796
BULAC	RASAM1	MS.ARA.417	BULAC_MS_ARA_417_0043	https://bina.bulac.fr/s/bina/ark:/73193/b2bw1q	0043	3778	4796
BULAC	RASAM1	MS.ARA.417	BULAC_MS_ARA_417_0044	https://bina.bulac.fr/s/bina/ark:/73193/b2bw1q	0044	3778	4796
BULAC	RASAM1	MS.ARA.417	BULAC_MS_ARA_417_0045	https://bina.bulac.fr/s/bina/ark:/73193/b2bw1q	0045	3876	4796
BULAC	RASAM1	MS.ARA.417	BULAC_MS_ARA_417_0046	https://bina.bulac.fr/s/bina/ark:/73193/b2bw1q	0046	3794	4796
BULAC	RASAM1	MS.ARA.417	BULAC_MS_ARA_417_0047	https://bina.bulac.fr/s/bina/ark:/73193/b2bw1q	0047	3794	4796
BULAC	RASAM1	MS.ARA.417	BULAC_MS_ARA_417_0048	https://bina.bulac.fr/s/bina/ark:/73193/b2bw1q	0048	3794	4796
BULAC	RASAM1	MS.ARA.417	BULAC_MS_ARA_417_0049	https://bina.bulac.fr/s/bina/ark:/73193/b2bw1q	0049	3794	4796
BULAC	RASAM1	MS.ARA.417	BULAC_MS_ARA_417_0050	https://bina.bulac.fr/s/bina/ark:/73193/b2bw1q	0050	3794	4796
BULAC	RASAM1	MS.ARA.417	BULAC_MS_ARA_417_0051	https://bina.bulac.fr/s/bina/ark:/73193/b2bw1q	0051	3794	4796
BULAC	RASAM1	MS.ARA.417	BULAC_MS_ARA_417_0052	https://bina.bulac.fr/s/bina/ark:/73193/b2bw1q	0052	3794	4796
BULAC	RASAM1	MS.ARA.417	BULAC_MS_ARA_417_0053	https://bina.bulac.fr/s/bina/ark:/73193/b2bw1q	0053	3794	4796
BULAC	RASAM1	MS.ARA.417	BULAC_MS_ARA_417_0054	https://bina.bulac.fr/s/bina/ark:/73193/b2bw1q	0054	3794	4796
BULAC	RASAM1	MS.ARA.417	BULAC_MS_ARA_417_0055	https://bina.bulac.fr/s/bina/ark:/73193/b2bw1q	0055	3794	4796
BULAC	RASAM1	MS.ARA.417	BULAC_MS_ARA_417_0056	https://bina.bulac.fr/s/bina/ark:/73193/b2bw1q	0056	3794	4796
BULAC	RASAM1	MS.ARA.417	BULAC_MS_ARA_417_0057	https://bina.bulac.fr/s/bina/ark:/73193/b2bw1q	0057	3794	4796
BULAC	RASAM1	MS.ARA.417	BULAC_MS_ARA_417_0058	https://bina.bulac.fr/s/bina/ark:/73193/b2bw1q	0058	3794	4796
BULAC	RASAM1	MS.ARA.417	BULAC_MS_ARA_417_0059	https://bina.bulac.fr/s/bina/ark:/73193/b2bw1q	0059	3794	4796
BULAC	RASAM1	MS.ARA.417	BULAC_MS_ARA_417_0060	https://bina.bulac.fr/s/bina/ark:/73193/b2bw1q	0060	3794	4796
BULAC	RASAM1	MS.ARA.417	BULAC_MS_ARA_417_0061	https://bina.bulac.fr/s/bina/ark:/73193/b2bw1q	0061	3794	4796
BULAC	RASAM1	MS.ARA.417	BULAC_MS_ARA_417_0062	https://bina.bulac.fr/s/bina/ark:/73193/b2bw1q	0062	3794	4796
BULAC	RASAM1	MS.ARA.417	BULAC_MS_ARA_417_0063	https://bina.bulac.fr/s/bina/ark:/73193/b2bw1q	0063	3794	4796
BULAC	RASAM1	MS.ARA.417	BULAC_MS_ARA_417_0064	https://bina.bulac.fr/s/bina/ark:/73193/b2bw1q	0064	3794	4796
BULAC	RASAM1	MS.ARA.417	BULAC_MS_ARA_417_0065	https://bina.bulac.fr/s/bina/ark:/73193/b2bw1q	0065	3794	4796
BULAC	RASAM1	MS.ARA.417	BULAC_MS_ARA_417_0066	https://bina.bulac.fr/s/bina/ark:/73193/b2bw1q	0066	3794	4796
BULAC	RASAM1	MS.ARA.417	BULAC_MS_ARA_417_0067	https://bina.bulac.fr/s/bina/ark:/73193/b2bw1q	0067	3860	4796
BULAC	RASAM1	MS.ARA.417	BULAC_MS_ARA_417_0068	https://bina.bulac.fr/s/bina/ark:/73193/b2bw1q	0068	3860	4796
BULAC	RASAM1	MS.ARA.417	BULAC_MS_ARA_417_0069	https://bina.bulac.fr/s/bina/ark:/73193/b2bw1q	0069	3860	4796
BULAC	RASAM1	MS.ARA.417	BULAC_MS_ARA_417_0070	https://bina.bulac.fr/s/bina/ark:/73193/b2bw1q	0070	3860	4796
BULAC	RASAM1	MS.ARA.417	BULAC_MS_ARA_417_0071	https://bina.bulac.fr/s/bina/ark:/73193/b2bw1q	0071	3860	4796
BULAC	RASAM1	MS.ARA.417	BULAC_MS_ARA_417_0072	https://bina.bulac.fr/s/bina/ark:/73193/b2bw1q	0072	3860	4796
BULAC	RASAM1	MS.ARA.417	BULAC_MS_ARA_417_0073	https://bina.bulac.fr/s/bina/ark:/73193/b2bw1q	0073	3860	4796
BULAC	RASAM1	MS.ARA.417	BULAC_MS_ARA_417_0074	https://bina.bulac.fr/s/bina/ark:/73193/b2bw1q	0074	3860	4796
BULAC	RASAM1	MS.ARA.417	BULAC_MS_ARA_417_0075	https://bina.bulac.fr/s/bina/ark:/73193/b2bw1q	0075	3860	4796
BULAC	RASAM1	MS.ARA.417	BULAC_MS_ARA_417_0076	https://bina.bulac.fr/s/bina/ark:/73193/b2bw1q	0076	3860	4796
BULAC	RASAM1	MS.ARA.417	BULAC_MS_ARA_417_0077	https://bina.bulac.fr/s/bina/ark:/73193/b2bw1q	0077	3860	4796
BULAC	RASAM1	MS.ARA.417	BULAC_MS_ARA_417_0078	https://bina.bulac.fr/s/bina/ark:/73193/b2bw1q	0078	3860	4796
BULAC	RASAM1	MS.ARA.417	BULAC_MS_ARA_417_0079	https://bina.bulac.fr/s/bina/ark:/73193/b2bw1q	0079	3860	4796
BULAC	RASAM1	MS.ARA.417	BULAC_MS_ARA_417_0080	https://bina.bulac.fr/s/bina/ark:/73193/b2bw1q	0080	3860	4796
BULAC	RASAM1	MS.ARA.417	BULAC_MS_ARA_417_0081	https://bina.bulac.fr/s/bina/ark:/73193/b2bw1q	0081	3860	4796
BULAC	RASAM1	MS.ARA.417	BULAC_MS_ARA_417_0082	https://bina.bulac.fr/s/bina/ark:/73193/b2bw1q	0082	3860	4796
BULAC	RASAM1	MS.ARA.417	BULAC_MS_ARA_417_0083	https://bina.bulac.fr/s/bina/ark:/73193/b2bw1q	0083	3860	4796
BULAC	RASAM1	MS.ARA.417	BULAC_MS_ARA_417_0084	https://bina.bulac.fr/s/bina/ark:/73193/b2bw1q	0084	3860	4796
BULAC	RASAM1	MS.ARA.417	BULAC_MS_ARA_417_0085	https://bina.bulac.fr/s/bina/ark:/73193/b2bw1q	0085	3860	4796
BULAC	RASAM1	MS.ARA.417	BULAC_MS_ARA_417_0086	https://bina.bulac.fr/s/bina/ark:/73193/b2bw1q	0086	3860	4796
BULAC	RASAM1	MS.ARA.417	BULAC_MS_ARA_417_0087	https://bina.bulac.fr/s/bina/ark:/73193/b2bw1q	0087	3860	4796
BULAC	RASAM1	MS.ARA.417	BULAC_MS_ARA_417_0088	https://bina.bulac.fr/s/bina/ark:/73193/b2bw1q	0088	3860	4796
BULAC	RASAM1	MS.ARA.417	BULAC_MS_ARA_417_0089	https://bina.bulac.fr/s/bina/ark:/73193/b2bw1q	0089	3860	4796
BULAC	RASAM1	MS.ARA.417	BULAC_MS_ARA_417_0090	https://bina.bulac.fr/s/bina/ark:/73193/b2bw1q	0090	3860	4796
BULAC	RASAM1	MS.ARA.417	BULAC_MS_ARA_417_0091	https://bina.bulac.fr/s/bina/ark:/73193/b2bw1q	0091	3860	4796
BULAC	RASAM1	MS.ARA.417	BULAC_MS_ARA_417_0092	https://bina.bulac.fr/s/bina/ark:/73193/b2bw1q	0092	3860	4796
BULAC	RASAM1	MS.ARA.417	BULAC_MS_ARA_417_0093	https://bina.bulac.fr/s/bina/ark:/73193/b2bw1q	0093	3860	4796
BULAC	RASAM1	MS.ARA.417	BULAC_MS_ARA_417_0094	https://bina.bulac.fr/s/bina/ark:/73193/b2bw1q	0094	3860	4796
BULAC	RASAM1	MS.ARA.417	BULAC_MS_ARA_417_0095	https://bina.bulac.fr/s/bina/ark:/73193/b2bw1q	0095	3860	4796
BULAC	RASAM1	MS.ARA.417	BULAC_MS_ARA_417_0096	https://bina.bulac.fr/s/bina/ark:/73193/b2bw1q	0096	3860	4796
BULAC	RASAM1	MS.ARA.417	BULAC_MS_ARA_417_0097	https://bina.bulac.fr/s/bina/ark:/73193/b2bw1q	0097	3860	4796
BULAC	RASAM1	MS.ARA.417	BULAC_MS_ARA_417_0098	https://bina.bulac.fr/s/bina/ark:/73193/b2bw1q	0098	3860	4796
BULAC	RASAM1	MS.ARA.417	BULAC_MS_ARA_417_0099	https://bina.bulac.fr/s/bina/ark:/73193/b2bw1q	0099	3860	4796
BULAC	RASAM1	MS.ARA.1977	BULAC_MS_ARA_1977_0012	https://bina.bulac.fr/s/bina/ark:/73193/bmpgv6	0012	920	1417
BULAC	RASAM1	MS.ARA.1977	BULAC_MS_ARA_1977_0013	https://bina.bulac.fr/s/bina/ark:/73193/bmpgv6	0013	942	1417
BULAC	RASAM1	MS.ARA.1977	BULAC_MS_ARA_1977_0015	https://bina.bulac.fr/s/bina/ark:/73193/bmpgv6	0015	942	1417
BULAC	RASAM1	MS.ARA.1977	BULAC_MS_ARA_1977_0016	https://bina.bulac.fr/s/bina/ark:/73193/bmpgv6	0016	932	1417
BULAC	RASAM1	MS.ARA.1977	BULAC_MS_ARA_1977_0017	https://bina.bulac.fr/s/bina/ark:/73193/bmpgv6	0017	942	1417
BULAC	RASAM1	MS.ARA.1977	BULAC_MS_ARA_1977_0019	https://bina.bulac.fr/s/bina/ark:/73193/bmpgv6	0019	939	1417
BULAC	RASAM1	MS.ARA.1977	BULAC_MS_ARA_1977_0020	https://bina.bulac.fr/s/bina/ark:/73193/bmpgv6	0020	924	1417
BULAC	RASAM1	MS.ARA.1977	BULAC_MS_ARA_1977_0021	https://bina.bulac.fr/s/bina/ark:/73193/bmpgv6	0021	939	1417
BULAC	RASAM1	MS.ARA.1977	BULAC_MS_ARA_1977_0022	https://bina.bulac.fr/s/bina/ark:/73193/bmpgv6	0022	918	1417
BULAC	RASAM1	MS.ARA.1977	BULAC_MS_ARA_1977_0023	https://bina.bulac.fr/s/bina/ark:/73193/bmpgv6	0023	939	1417
BULAC	RASAM1	MS.ARA.1977	BULAC_MS_ARA_1977_0028	https://bina.bulac.fr/s/bina/ark:/73193/bmpgv6	0028	918	1417
BULAC	RASAM1	MS.ARA.1977	BULAC_MS_ARA_1977_0029	https://bina.bulac.fr/s/bina/ark:/73193/bmpgv6	0029	928	1417
BULAC	RASAM1	MS.ARA.1977	BULAC_MS_ARA_1977_0030	https://bina.bulac.fr/s/bina/ark:/73193/bmpgv6	0030	918	1417
BULAC	RASAM1	MS.ARA.1977	BULAC_MS_ARA_1977_0031	https://bina.bulac.fr/s/bina/ark:/73193/bmpgv6	0031	928	1417
BULAC	RASAM1	MS.ARA.1977	BULAC_MS_ARA_1977_0033	https://bina.bulac.fr/s/bina/ark:/73193/bmpgv6	0033	939	1417
BULAC	RASAM1	MS.ARA.1977	BULAC_MS_ARA_1977_0034	https://bina.bulac.fr/s/bina/ark:/73193/bmpgv6	0034	922	1417
BULAC	RASAM1	MS.ARA.1977	BULAC_MS_ARA_1977_0038	https://bina.bulac.fr/s/bina/ark:/73193/bmpgv6	0038	916	1417
BULAC	RASAM1	MS.ARA.1977	BULAC_MS_ARA_1977_0039	https://bina.bulac.fr/s/bina/ark:/73193/bmpgv6	0039	939	1417
BULAC	RASAM1	MS.ARA.1977	BULAC_MS_ARA_1977_0041	https://bina.bulac.fr/s/bina/ark:/73193/bmpgv6	0041	939	1417
BULAC	RASAM1	MS.ARA.1977	BULAC_MS_ARA_1977_0042	https://bina.bulac.fr/s/bina/ark:/73193/bmpgv6	0042	918	1417
BULAC	RASAM1	MS.ARA.1977	BULAC_MS_ARA_1977_0046	https://bina.bulac.fr/s/bina/ark:/73193/bmpgv6	0046	918	1417
BULAC	RASAM1	MS.ARA.1977	BULAC_MS_ARA_1977_0047	https://bina.bulac.fr/s/bina/ark:/73193/bmpgv6	0047	939	1417
BULAC	RASAM1	MS.ARA.1977	BULAC_MS_ARA_1977_0050	https://bina.bulac.fr/s/bina/ark:/73193/bmpgv6	0050	918	1417
BULAC	RASAM1	MS.ARA.1977	BULAC_MS_ARA_1977_0052	https://bina.bulac.fr/s/bina/ark:/73193/bmpgv6	0052	917	1417
BULAC	RASAM1	MS.ARA.1977	BULAC_MS_ARA_1977_0053	https://bina.bulac.fr/s/bina/ark:/73193/bmpgv6	0053	939	1417
BULAC	RASAM1	MS.ARA.1977	BULAC_MS_ARA_1977_0054	https://bina.bulac.fr/s/bina/ark:/73193/bmpgv6	0054	916	1417
BULAC	RASAM1	MS.ARA.1977	BULAC_MS_ARA_1977_0056	https://bina.bulac.fr/s/bina/ark:/73193/bmpgv6	0056	916	1417
BULAC	RASAM1	MS.ARA.1977	BULAC_MS_ARA_1977_0058	https://bina.bulac.fr/s/bina/ark:/73193/bmpgv6	0058	915	1417
BULAC	RASAM1	MS.ARA.1977	BULAC_MS_ARA_1977_0061	https://bina.bulac.fr/s/bina/ark:/73193/bmpgv6	0061	924	1417
BULAC	RASAM1	MS.ARA.1977	BULAC_MS_ARA_1977_0062	https://bina.bulac.fr/s/bina/ark:/73193/bmpgv6	0062	924	1417
BULAC	RASAM1	MS.ARA.1977	BULAC_MS_ARA_1977_0063	https://bina.bulac.fr/s/bina/ark:/73193/bmpgv6	0063	924	1417
BULAC	RASAM1	MS.ARA.1977	BULAC_MS_ARA_1977_0066	https://bina.bulac.fr/s/bina/ark:/73193/bmpgv6	0066	924	1417
BULAC	RASAM1	MS.ARA.1977	BULAC_MS_ARA_1977_0067	https://bina.bulac.fr/s/bina/ark:/73193/bmpgv6	0067	924	1417
BULAC	RASAM1	MS.ARA.1977	BULAC_MS_ARA_1977_0069	https://bina.bulac.fr/s/bina/ark:/73193/bmpgv6	0069	917	1417
BULAC	RASAM1	MS.ARA.1977	BULAC_MS_ARA_1977_0071	https://bina.bulac.fr/s/bina/ark:/73193/bmpgv6	0071	916	1417
BULAC	RASAM1	MS.ARA.1977	BULAC_MS_ARA_1977_0072	https://bina.bulac.fr/s/bina/ark:/73193/bmpgv6	0072	910	1417
BULAC	RASAM1	MS.ARA.1977	BULAC_MS_ARA_1977_0074	https://bina.bulac.fr/s/bina/ark:/73193/bmpgv6	0074	910	1417
BULAC	RASAM1	MS.ARA.1977	BULAC_MS_ARA_1977_0075	https://bina.bulac.fr/s/bina/ark:/73193/bmpgv6	0075	920	1417
BULAC	RASAM1	MS.ARA.1977	BULAC_MS_ARA_1977_0078	https://bina.bulac.fr/s/bina/ark:/73193/bmpgv6	0078	910	1417
BULAC	RASAM1	MS.ARA.1977	BULAC_MS_ARA_1977_0080	https://bina.bulac.fr/s/bina/ark:/73193/bmpgv6	0080	910	1417
BULAC	RASAM1	MS.ARA.1977	BULAC_MS_ARA_1977_0081	https://bina.bulac.fr/s/bina/ark:/73193/bmpgv6	0081	924	1417
BULAC	RASAM1	MS.ARA.1977	BULAC_MS_ARA_1977_0085	https://bina.bulac.fr/s/bina/ark:/73193/bmpgv6	0085	918	1417
BULAC	RASAM1	MS.ARA.1977	BULAC_MS_ARA_1977_0087	https://bina.bulac.fr/s/bina/ark:/73193/bmpgv6	0087	918	1417
BULAC	RASAM1	MS.ARA.1977	BULAC_MS_ARA_1977_0090	https://bina.bulac.fr/s/bina/ark:/73193/bmpgv6	0090	910	1417
BULAC	RASAM1	MS.ARA.1977	BULAC_MS_ARA_1977_0092	https://bina.bulac.fr/s/bina/ark:/73193/bmpgv6	0092	910	1417
BULAC	RASAM1	MS.ARA.1977	BULAC_MS_ARA_1977_0093	https://bina.bulac.fr/s/bina/ark:/73193/bmpgv6	0093	927	1417
BULAC	RASAM1	MS.ARA.1977	BULAC_MS_ARA_1977_0094	https://bina.bulac.fr/s/bina/ark:/73193/bmpgv6	0094	910	1417
BULAC	RASAM1	MS.ARA.1977	BULAC_MS_ARA_1977_0095	https://bina.bulac.fr/s/bina/ark:/73193/bmpgv6	0095	923	1417
BULAC	RASAM1	MS.ARA.1977	BULAC_MS_ARA_1977_0097	https://bina.bulac.fr/s/bina/ark:/73193/bmpgv6	0097	923	1417
BULAC	RASAM1	MS.ARA.1977	BULAC_MS_ARA_1977_0099	https://bina.bulac.fr/s/bina/ark:/73193/bmpgv6	0099	923	1417
BULAC	RASAM1	MS.ARA.1977	BULAC_MS_ARA_1977_0100	https://bina.bulac.fr/s/bina/ark:/73193/bmpgv6	0100	910	1417
BULAC	RASAM1	MS.ARA.1977	BULAC_MS_ARA_1977_0103	https://bina.bulac.fr/s/bina/ark:/73193/bmpgv6	0103	923	1417
BULAC	RASAM1	MS.ARA.1977	BULAC_MS_ARA_1977_0104	https://bina.bulac.fr/s/bina/ark:/73193/bmpgv6	0104	909	1417
BULAC	RASAM1	MS.ARA.1977	BULAC_MS_ARA_1977_0107	https://bina.bulac.fr/s/bina/ark:/73193/bmpgv6	0107	919	1417
BULAC	RASAM1	MS.ARA.1977	BULAC_MS_ARA_1977_0108	https://bina.bulac.fr/s/bina/ark:/73193/bmpgv6	0108	914	1417
BULAC	RASAM1	MS.ARA.1977	BULAC_MS_ARA_1977_0111	https://bina.bulac.fr/s/bina/ark:/73193/bmpgv6	0111	917	1417
BULAC	RASAM1	MS.ARA.1977	BULAC_MS_ARA_1977_0114	https://bina.bulac.fr/s/bina/ark:/73193/bmpgv6	0114	909	1417
BULAC	RASAM1	MS.ARA.1977	BULAC_MS_ARA_1977_0117	https://bina.bulac.fr/s/bina/ark:/73193/bmpgv6	0117	917	1417
BULAC	RASAM1	MS.ARA.1977	BULAC_MS_ARA_1977_0118	https://bina.bulac.fr/s/bina/ark:/73193/bmpgv6	0118	914	1417
BULAC	RASAM1	MS.ARA.1977	BULAC_MS_ARA_1977_0119	https://bina.bulac.fr/s/bina/ark:/73193/bmpgv6	0119	917	1417
BULAC	RASAM1	MS.ARA.1977	BULAC_MS_ARA_1977_0120	https://bina.bulac.fr/s/bina/ark:/73193/bmpgv6	0120	914	1417
BULAC	RASAM1	MS.ARA.1977	BULAC_MS_ARA_1977_0123	https://bina.bulac.fr/s/bina/ark:/73193/bmpgv6	0123	917	1417
BULAC	RASAM1	MS.ARA.1977	BULAC_MS_ARA_1977_0124	https://bina.bulac.fr/s/bina/ark:/73193/bmpgv6	0124	914	1417
BULAC	RASAM1	MS.ARA.1977	BULAC_MS_ARA_1977_0126	https://bina.bulac.fr/s/bina/ark:/73193/bmpgv6	0126	914	1417
BULAC	RASAM1	MS.ARA.1977	BULAC_MS_ARA_1977_0127	https://bina.bulac.fr/s/bina/ark:/73193/bmpgv6	0127	917	1417
BULAC	RASAM1	MS.ARA.1977	BULAC_MS_ARA_1977_0128	https://bina.bulac.fr/s/bina/ark:/73193/bmpgv6	0128	914	1417
BULAC	RASAM1	MS.ARA.1977	BULAC_MS_ARA_1977_0131	https://bina.bulac.fr/s/bina/ark:/73193/bmpgv6	0131	916	1417
BULAC	RASAM1	MS.ARA.1977	BULAC_MS_ARA_1977_0132	https://bina.bulac.fr/s/bina/ark:/73193/bmpgv6	0132	914	1417
BULAC	RASAM1	MS.ARA.1977	BULAC_MS_ARA_1977_0134	https://bina.bulac.fr/s/bina/ark:/73193/bmpgv6	0134	914	1417
BULAC	RASAM1	MS.ARA.1977	BULAC_MS_ARA_1977_0136	https://bina.bulac.fr/s/bina/ark:/73193/bmpgv6	0136	914	1417
BULAC	RASAM1	MS.ARA.1977	BULAC_MS_ARA_1977_0137	https://bina.bulac.fr/s/bina/ark:/73193/bmpgv6	0137	912	1417
BULAC	RASAM1	MS.ARA.1977	BULAC_MS_ARA_1977_0138	https://bina.bulac.fr/s/bina/ark:/73193/bmpgv6	0138	914	1417
BULAC	RASAM1	MS.ARA.1977	BULAC_MS_ARA_1977_0139	https://bina.bulac.fr/s/bina/ark:/73193/bmpgv6	0139	911	1417
BULAC	RASAM1	MS.ARA.1977	BULAC_MS_ARA_1977_0140	https://bina.bulac.fr/s/bina/ark:/73193/bmpgv6	0140	914	1417
BULAC	RASAM1	MS.ARA.1977	BULAC_MS_ARA_1977_0141	https://bina.bulac.fr/s/bina/ark:/73193/bmpgv6	0141	920	1417
BULAC	RASAM1	MS.ARA.1977	BULAC_MS_ARA_1977_0142	https://bina.bulac.fr/s/bina/ark:/73193/bmpgv6	0142	914	1417
BULAC	RASAM1	MS.ARA.1977	BULAC_MS_ARA_1977_0143	https://bina.bulac.fr/s/bina/ark:/73193/bmpgv6	0143	920	1417
BULAC	RASAM1	MS.ARA.1977	BULAC_MS_ARA_1977_0145	https://bina.bulac.fr/s/bina/ark:/73193/bmpgv6	0145	912	1417
BULAC	RASAM1	MS.ARA.1977	BULAC_MS_ARA_1977_0146	https://bina.bulac.fr/s/bina/ark:/73193/bmpgv6	0146	914	1417
BULAC	RASAM1	MS.ARA.1977	BULAC_MS_ARA_1977_0147	https://bina.bulac.fr/s/bina/ark:/73193/bmpgv6	0147	912	1417
BULAC	RASAM1	MS.ARA.1977	BULAC_MS_ARA_1977_0148	https://bina.bulac.fr/s/bina/ark:/73193/bmpgv6	0148	914	1417
BULAC	RASAM1	MS.ARA.1977	BULAC_MS_ARA_1977_0152	https://bina.bulac.fr/s/bina/ark:/73193/bmpgv6	0152	914	1417
BULAC	RASAM1	MS.ARA.1977	BULAC_MS_ARA_1977_0153	https://bina.bulac.fr/s/bina/ark:/73193/bmpgv6	0153	911	1417
BULAC	RASAM1	MS.ARA.1977	BULAC_MS_ARA_1977_0155	https://bina.bulac.fr/s/bina/ark:/73193/bmpgv6	0155	911	1417
BULAC	RASAM1	MS.ARA.1977	BULAC_MS_ARA_1977_0158	https://bina.bulac.fr/s/bina/ark:/73193/bmpgv6	0158	923	1417
BULAC	RASAM1	MS.ARA.1977	BULAC_MS_ARA_1977_0161	https://bina.bulac.fr/s/bina/ark:/73193/bmpgv6	0161	914	1417
BULAC	RASAM1	MS.ARA.1977	BULAC_MS_ARA_1977_0162	https://bina.bulac.fr/s/bina/ark:/73193/bmpgv6	0162	923	1417
BULAC	RASAM1	MS.ARA.1977	BULAC_MS_ARA_1977_0168	https://bina.bulac.fr/s/bina/ark:/73193/bmpgv6	0168	923	1417
BULAC	RASAM1	MS.ARA.1977	BULAC_MS_ARA_1977_0169	https://bina.bulac.fr/s/bina/ark:/73193/bmpgv6	0169	911	1417
BULAC	RASAM1	MS.ARA.1977	BULAC_MS_ARA_1977_0170	https://bina.bulac.fr/s/bina/ark:/73193/bmpgv6	0170	923	1417
BULAC	RASAM1	MS.ARA.1977	BULAC_MS_ARA_1977_0172	https://bina.bulac.fr/s/bina/ark:/73193/bmpgv6	0172	923	1417
BULAC	RASAM1	MS.ARA.1977	BULAC_MS_ARA_1977_0173	https://bina.bulac.fr/s/bina/ark:/73193/bmpgv6	0173	911	1417
BULAC	RASAM1	MS.ARA.1977	BULAC_MS_ARA_1977_0174	https://bina.bulac.fr/s/bina/ark:/73193/bmpgv6	0174	923	1417
BULAC	RASAM1	MS.ARA.1977	BULAC_MS_ARA_1977_0175	https://bina.bulac.fr/s/bina/ark:/73193/bmpgv6	0175	911	1417
BULAC	RASAM1	MS.ARA.1977	BULAC_MS_ARA_1977_0176	https://bina.bulac.fr/s/bina/ark:/73193/bmpgv6	0176	923	1417
BULAC	RASAM1	MS.ARA.1977	BULAC_MS_ARA_1977_0178	https://bina.bulac.fr/s/bina/ark:/73193/bmpgv6	0178	923	1417
BULAC	RASAM1	MS.ARA.1977	BULAC_MS_ARA_1977_0185	https://bina.bulac.fr/s/bina/ark:/73193/bmpgv6	0185	911	1417
BULAC	RASAM1	MS.ARA.1977	BULAC_MS_ARA_1977_0186	https://bina.bulac.fr/s/bina/ark:/73193/bmpgv6	0186	923	1417
BULAC	RASAM1	MS.ARA.1977	BULAC_MS_ARA_1977_0190	https://bina.bulac.fr/s/bina/ark:/73193/bmpgv6	0190	923	1417
BULAC	RASAM1	MS.ARA.1977	BULAC_MS_ARA_1977_0192	https://bina.bulac.fr/s/bina/ark:/73193/bmpgv6	0192	923	1417
BULAC	RASAM1	MS.ARA.1977	BULAC_MS_ARA_1977_0195	https://bina.bulac.fr/s/bina/ark:/73193/bmpgv6	0195	917	1417
BULAC	RASAM1	MS.ARA.1977	BULAC_MS_ARA_1977_0198	https://bina.bulac.fr/s/bina/ark:/73193/bmpgv6	0198	923	1417
BULAC	RASAM2	MS.ARA.1982	BULAC_ARA_MS_1982_181985	https://bina.bulac.fr/s/bina/ark:/73193/bvmdrp		2900	4481
BULAC	RASAM2	MS.ARA.1982	BULAC_ARA_MS_1982_181992	https://bina.bulac.fr/s/bina/ark:/73193/bvmdrp		2900	4413
BULAC	RASAM2	MS.ARA.1982	BULAC_ARA_MS_1982_182025	https://bina.bulac.fr/s/bina/ark:/73193/bvmdrp		2900	4399
BULAC	RASAM2	MS.ARA.1982	BULAC_ARA_MS_1982_182053	https://bina.bulac.fr/s/bina/ark:/73193/bvmdrp		2900	4409
BULAC	RASAM2	MS.ARA.1982	BULAC_ARA_MS_1982_182152	https://bina.bulac.fr/s/bina/ark:/73193/bvmdrp		2900	4409
BULAC	RASAM2	MS.ARA.1982	BULAC_ARA_MS_1982_182182	https://bina.bulac.fr/s/bina/ark:/73193/bvmdrp		2900	4409
BULAC	RASAM2	MS.ARA.6	BULAC_MS_ARA_6_49750	https://bina.bulac.fr/s/bina/ark:/73193/b6q5p6		2200	2871
BULAC	RASAM2	MS.ARA.6	BULAC_MS_ARA_6_49754	https://bina.bulac.fr/s/bina/ark:/73193/b6q5p6		2150	2804
BULAC	RASAM2	MS.ARA.6	BULAC_MS_ARA_6_49768	https://bina.bulac.fr/s/bina/ark:/73193/b6q5p6		2150	2793
BULAC	RASAM2	MS.ARA.6	BULAC_MS_ARA_6_49775	https://bina.bulac.fr/s/bina/ark:/73193/b6q5p6		2150	2666
BULAC	RASAM2	MS.ARA.6	BULAC_MS_ARA_6_49789	https://bina.bulac.fr/s/bina/ark:/73193/b6q5p6		2150	2784
BULAC	RASAM2	MS.ARA.6	BULAC_MS_ARA_6_49796	https://bina.bulac.fr/s/bina/ark:/73193/b6q5p6		2150	2627
BULAC	RASAM2	MS.ARA.6	BULAC_MS_ARA_6_49803	https://bina.bulac.fr/s/bina/ark:/73193/b6q5p6		2150	2814
BULAC	RASAM2	MS.ARA.6	BULAC_MS_ARA_6_49810	https://bina.bulac.fr/s/bina/ark:/73193/b6q5p6		2150	2827
BULAC	RASAM2	MS.ARA.6	BULAC_MS_ARA_6_49817	https://bina.bulac.fr/s/bina/ark:/73193/b6q5p6		2150	2825
BULAC	RASAM2	MS.ARA.6	BULAC_MS_ARA_6_49824	https://bina.bulac.fr/s/bina/ark:/73193/b6q5p6		2150	2836
BULAC	RASAM2	MS.ARA.6	BULAC_MS_ARA_6_49838	https://bina.bulac.fr/s/bina/ark:/73193/b6q5p6		2150	2825
BULAC	RASAM2	MS.ARA.6	BULAC_MS_ARA_6_49845	https://bina.bulac.fr/s/bina/ark:/73193/b6q5p6		2150	2832
BULAC	RASAM2	MS.ARA.6	BULAC_MS_ARA_6_49850	https://bina.bulac.fr/s/bina/ark:/73193/b6q5p6		2200	2962
BULAC	RASAM2	MS.ARA.9	BULAC_MS_ARA_9_46933	https://bina.bulac.fr/s/bina/ark:/73193/bqnm44		2482	3466
BULAC	RASAM2	MS.ARA.9	BULAC_MS_ARA_9_46947	https://bina.bulac.fr/s/bina/ark:/73193/bqnm44		2432	3417
BULAC	RASAM2	MS.ARA.9	BULAC_MS_ARA_9_46960	https://bina.bulac.fr/s/bina/ark:/73193/bqnm44		2432	3475
BULAC	RASAM2	MS.ARA.9	BULAC_MS_ARA_9_46973	https://bina.bulac.fr/s/bina/ark:/73193/bqnm44		2432	3423
BULAC	RASAM2	MS.ARA.9	BULAC_MS_ARA_9_46986	https://bina.bulac.fr/s/bina/ark:/73193/bqnm44		2432	3487
BULAC	RASAM2	MS.ARA.9	BULAC_MS_ARA_9_46999	https://bina.bulac.fr/s/bina/ark:/73193/bqnm44		2432	3411
BULAC	RASAM2	MS.ARA.9	BULAC_MS_ARA_9_47025	https://bina.bulac.fr/s/bina/ark:/73193/bqnm44		2432	3423
BULAC	RASAM2	MS.ARA.9	BULAC_MS_ARA_9_47038	https://bina.bulac.fr/s/bina/ark:/73193/bqnm44		2432	3515
BULAC	RASAM2	MS.ARA.9	BULAC_MS_ARA_9_47051	https://bina.bulac.fr/s/bina/ark:/73193/bqnm44		2432	3443
BULAC	RASAM2	MS.ARA.9	BULAC_MS_ARA_9_47064	https://bina.bulac.fr/s/bina/ark:/73193/bqnm44		2432	3514
BULAC	RASAM2	MS.ARA.9	BULAC_MS_ARA_9_47077	https://bina.bulac.fr/s/bina/ark:/73193/bqnm44		2432	3460
BULAC	RASAM2	MS.ARA.9	BULAC_MS_ARA_9_47090	https://bina.bulac.fr/s/bina/ark:/73193/bqnm44		2432	3479
BULAC	RASAM2	MS.ARA.9	BULAC_MS_ARA_9_47116	https://bina.bulac.fr/s/bina/ark:/73193/bqnm44		2432	3518
BULAC	RASAM2	MS.ARA.9	BULAC_MS_ARA_9_47129	https://bina.bulac.fr/s/bina/ark:/73193/bqnm44		2432	3445
BULAC	RASAM2	MS.ARA.23	BULAC_MS_ARA_23_42035	https://bina.bulac.fr/s/bina/ark:/73193/bnvxrc		2200	2977
BULAC	RASAM2	MS.ARA.23	BULAC_MS_ARA_23_42061	https://bina.bulac.fr/s/bina/ark:/73193/bnvxrc		2200	3004
BULAC	RASAM2	MS.ARA.23	BULAC_MS_ARA_23_42074	https://bina.bulac.fr/s/bina/ark:/73193/bnvxrc		2200	2991
BULAC	RASAM2	MS.ARA.23	BULAC_MS_ARA_23_42087	https://bina.bulac.fr/s/bina/ark:/73193/bnvxrc		2200	3005
BULAC	RASAM2	MS.ARA.23	BULAC_MS_ARA_23_42100	https://bina.bulac.fr/s/bina/ark:/73193/bnvxrc		2200	3018
BULAC	RASAM2	MS.ARA.23	BULAC_MS_ARA_23_42113	https://bina.bulac.fr/s/bina/ark:/73193/bnvxrc		2200	3009
BULAC	RASAM2	MS.ARA.23	BULAC_MS_ARA_23_42126	https://bina.bulac.fr/s/bina/ark:/73193/bnvxrc		2200	3000
BULAC	RASAM2	MS.ARA.23	BULAC_MS_ARA_23_42139	https://bina.bulac.fr/s/bina/ark:/73193/bnvxrc		2200	3018
BULAC	RASAM2	MS.ARA.23	BULAC_MS_ARA_23_42152	https://bina.bulac.fr/s/bina/ark:/73193/bnvxrc		2200	3027
BULAC	RASAM2	MS.ARA.23	BULAC_MS_ARA_23_42165	https://bina.bulac.fr/s/bina/ark:/73193/bnvxrc		2200	3031
BULAC	RASAM2	MS.ARA.23	BULAC_MS_ARA_23_42178	https://bina.bulac.fr/s/bina/ark:/73193/bnvxrc		2200	3028
BULAC	RASAM2	MS.ARA.23	BULAC_MS_ARA_23_42191	https://bina.bulac.fr/s/bina/ark:/73193/bnvxrc		2200	3046
BULAC	RASAM2	MS.ARA.23	BULAC_MS_ARA_23_42204	https://bina.bulac.fr/s/bina/ark:/73193/bnvxrc		2200	3054
BULAC	RASAM2	MS.ARA.23	BULAC_MS_ARA_23_42217	https://bina.bulac.fr/s/bina/ark:/73193/bnvxrc		2200	3081
BULAC	RASAM2	MS.ARA.24	BULAC_MS_ARA_24_41309	https://bina.bulac.fr/s/bina/ark:/73193/bsn0x6		2200	3145
BULAC	RASAM2	MS.ARA.24	BULAC_MS_ARA_24_41322	https://bina.bulac.fr/s/bina/ark:/73193/bsn0x6		2200	3187
BULAC	RASAM2	MS.ARA.24	BULAC_MS_ARA_24_41335	https://bina.bulac.fr/s/bina/ark:/73193/bsn0x6		2200	3231
BULAC	RASAM2	MS.ARA.24	BULAC_MS_ARA_24_41348	https://bina.bulac.fr/s/bina/ark:/73193/bsn0x6		2200	3240
BULAC	RASAM2	MS.ARA.24	BULAC_MS_ARA_24_41361	https://bina.bulac.fr/s/bina/ark:/73193/bsn0x6		2200	3235
BULAC	RASAM2	MS.ARA.24	BULAC_MS_ARA_24_41374	https://bina.bulac.fr/s/bina/ark:/73193/bsn0x6		2200	3253
BULAC	RASAM2	MS.ARA.24	BULAC_MS_ARA_24_41387	https://bina.bulac.fr/s/bina/ark:/73193/bsn0x6		2200	3250
BULAC	RASAM2	MS.ARA.24	BULAC_MS_ARA_24_41413	https://bina.bulac.fr/s/bina/ark:/73193/bsn0x6		2200	3205
BULAC	RASAM2	MS.ARA.24	BULAC_MS_ARA_24_41426	https://bina.bulac.fr/s/bina/ark:/73193/bsn0x6		2200	3219
BULAC	RASAM2	MS.ARA.24	BULAC_MS_ARA_24_41439	https://bina.bulac.fr/s/bina/ark:/73193/bsn0x6		2200	3146
BULAC	RASAM2	MS.ARA.24	BULAC_MS_ARA_24_41452	https://bina.bulac.fr/s/bina/ark:/73193/bsn0x6		2200	3156
BULAC	RASAM2	MS.ARA.24	BULAC_MS_ARA_24_41478	https://bina.bulac.fr/s/bina/ark:/73193/bsn0x6		2200	3130
BULAC	RASAM2	MS.ARA.24	BULAC_MS_ARA_24_41491	https://bina.bulac.fr/s/bina/ark:/73193/bsn0x6		2200	3134
BULAC	RASAM2	MS.ARA.24	BULAC_MS_ARA_24_41500	https://bina.bulac.fr/s/bina/ark:/73193/bsn0x6		2200	3097
BULAC	RASAM2	MS.ARA.45b	BULAC_MS_ARA_45b_36411	https://bina.bulac.fr/s/bina/ark:/73193/brv21m		2100	2935
BULAC	RASAM2	MS.ARA.45b	BULAC_MS_ARA_45b_36412	https://bina.bulac.fr/s/bina/ark:/73193/brv21m		2100	2928
BULAC	RASAM2	MS.ARA.45b	BULAC_MS_ARA_45b_36413	https://bina.bulac.fr/s/bina/ark:/73193/brv21m		2100	2923
BULAC	RASAM2	MS.ARA.45b	BULAC_MS_ARA_45b_36415	https://bina.bulac.fr/s/bina/ark:/73193/brv21m		2100	2955
BULAC	RASAM2	MS.ARA.45b	BULAC_MS_ARA_45b_36416	https://bina.bulac.fr/s/bina/ark:/73193/brv21m		2100	2963
BULAC	RASAM2	MS.ARA.45b	BULAC_MS_ARA_45b_36418	https://bina.bulac.fr/s/bina/ark:/73193/brv21m		2100	2945
BULAC	RASAM2	MS.ARA.45b	BULAC_MS_ARA_45b_36419	https://bina.bulac.fr/s/bina/ark:/73193/brv21m		2100	2939
BULAC	RASAM2	MS.ARA.45b	BULAC_MS_ARA_45b_36421	https://bina.bulac.fr/s/bina/ark:/73193/brv21m		2100	2974
BULAC	RASAM2	MS.ARA.45b	BULAC_MS_ARA_45b_36422	https://bina.bulac.fr/s/bina/ark:/73193/brv21m		2100	2974
BULAC	RASAM2	MS.ARA.45b	BULAC_MS_ARA_45b_36423	https://bina.bulac.fr/s/bina/ark:/73193/brv21m		2100	2964
BULAC	RASAM2	MS.ARA.45b	BULAC_MS_ARA_45b_36425	https://bina.bulac.fr/s/bina/ark:/73193/brv21m		2100	2943
BULAC	RASAM2	MS.ARA.45b	BULAC_MS_ARA_45b_36436	https://bina.bulac.fr/s/bina/ark:/73193/brv21m		2100	2982
BULAC	RASAM2	MS.ARA.65	BULAC_MS_ARA_65_149902	https://bina.bulac.fr/s/bina/ark:/73193/bnckkp		2150	3049
BULAC	RASAM2	MS.ARA.65	BULAC_MS_ARA_65_149915	https://bina.bulac.fr/s/bina/ark:/73193/bnckkp		2150	3049
BULAC	RASAM2	MS.ARA.65	BULAC_MS_ARA_65_149941	https://bina.bulac.fr/s/bina/ark:/73193/bnckkp		2150	3036
BULAC	RASAM2	MS.ARA.65	BULAC_MS_ARA_65_149954	https://bina.bulac.fr/s/bina/ark:/73193/bnckkp		2150	3062
BULAC	RASAM2	MS.ARA.65	BULAC_MS_ARA_65_149967	https://bina.bulac.fr/s/bina/ark:/73193/bnckkp		2150	3080
BULAC	RASAM2	MS.ARA.65	BULAC_MS_ARA_65_150006	https://bina.bulac.fr/s/bina/ark:/73193/bnckkp		2150	3095
BULAC	RASAM2	MS.ARA.65	BULAC_MS_ARA_65_150019	https://bina.bulac.fr/s/bina/ark:/73193/bnckkp		2150	3060
BULAC	RASAM2	MS.ARA.65	BULAC_MS_ARA_65_150032	https://bina.bulac.fr/s/bina/ark:/73193/bnckkp		2150	3108
BULAC	RASAM2	MS.ARA.65	BULAC_MS_ARA_65_150071	https://bina.bulac.fr/s/bina/ark:/73193/bnckkp		2150	3093
BULAC	RASAM2	MS.ARA.65	BULAC_MS_ARA_65_150084	https://bina.bulac.fr/s/bina/ark:/73193/bnckkp		2150	3121
BULAC	RASAM2	MS.ARA.1926	BULAC_MS_ARA_1926_0031	https://bina.bulac.fr/s/bina/ark:/73193/b7d8bx		982	1205
BULAC	RASAM2	MS.ARA.1926	BULAC_MS_ARA_1926_0033	https://bina.bulac.fr/s/bina/ark:/73193/b7d8bx		982	1205
BULAC	RASAM2	MS.ARA.1926	BULAC_MS_ARA_1926_0076	https://bina.bulac.fr/s/bina/ark:/73193/b7d8bx		982	1249
BULAC	RASAM2	MS.ARA.1926	BULAC_MS_ARA_1926_0077	https://bina.bulac.fr/s/bina/ark:/73193/b7d8bx		982	1248
BULAC	RASAM2	MS.ARA.1926	BULAC_MS_ARA_1926_0114	https://bina.bulac.fr/s/bina/ark:/73193/b7d8bx		982	1219
BULAC	RASAM2	MS.ARA.1926	BULAC_MS_ARA_1926_0127	https://bina.bulac.fr/s/bina/ark:/73193/b7d8bx		982	1215
BULAC	RASAM2	MS.ARA.1926	BULAC_MS_ARA_1926_0138	https://bina.bulac.fr/s/bina/ark:/73193/b7d8bx		982	1225
BULAC	RASAM2	MS.ARA.1926	BULAC_MS_ARA_1926_0139	https://bina.bulac.fr/s/bina/ark:/73193/b7d8bx		982	1222
BULAC	RASAM2	MS.ARA.1926	BULAC_MS_ARA_1926_0144	https://bina.bulac.fr/s/bina/ark:/73193/b7d8bx		982	1214
BULAC	RASAM2	MS.ARA.1926	BULAC_MS_ARA_1926_0145	https://bina.bulac.fr/s/bina/ark:/73193/b7d8bx		982	1216
BULAC	RASAM2	MS.ARA.1926	BULAC_MS_ARA_1926_0156	https://bina.bulac.fr/s/bina/ark:/73193/b7d8bx		982	1203
BULAC	RASAM2	MS.ARA.1926	BULAC_MS_ARA_1926_0157	https://bina.bulac.fr/s/bina/ark:/73193/b7d8bx		982	1208
BULAC	RASAM2	MS.ARA.1926	BULAC_MS_ARA_1926_0166	https://bina.bulac.fr/s/bina/ark:/73193/b7d8bx		982	1212
BULAC	RASAM2	MS.ARA.1926	BULAC_MS_ARA_1926_0167	https://bina.bulac.fr/s/bina/ark:/73193/b7d8bx		982	1208
BULAC	RASAM2	MS.ARA.1926	BULAC_MS_ARA_1926_0169	https://bina.bulac.fr/s/bina/ark:/73193/b7d8bx		982	1208
BULAC	RASAM2	MS.ARA.1926	BULAC_MS_ARA_1926_0172	https://bina.bulac.fr/s/bina/ark:/73193/b7d8bx		982	1205
BULAC	RASAM2	MS.ARA.1926	BULAC_MS_ARA_1926_0178	https://bina.bulac.fr/s/bina/ark:/73193/b7d8bx		982	1205
BULAC	RASAM2	MS.ARA.1926	BULAC_MS_ARA_1926_0179	https://bina.bulac.fr/s/bina/ark:/73193/b7d8bx		982	1208
BULAC	RASAM2	MS.ARA.1926	BULAC_MS_ARA_1926_0182	https://bina.bulac.fr/s/bina/ark:/73193/b7d8bx		982	1212
BULAC	RASAM2	MS.ARA.1926	BULAC_MS_ARA_1926_0183	https://bina.bulac.fr/s/bina/ark:/73193/b7d8bx		982	1230
BULAC	RASAM2	MS.ARA.1926	BULAC_MS_ARA_1926_0194	https://bina.bulac.fr/s/bina/ark:/73193/b7d8bx		982	1183
BULAC	RASAM2	MS.ARA.1926	BULAC_MS_ARA_1926_0212	https://bina.bulac.fr/s/bina/ark:/73193/b7d8bx		982	1171
BULAC	RASAM2	MS.ARA.1926	BULAC_MS_ARA_1926_0217	https://bina.bulac.fr/s/bina/ark:/73193/b7d8bx		982	1208
BULAC	RASAM2	MS.ARA.1926	BULAC_MS_ARA_1926_0228	https://bina.bulac.fr/s/bina/ark:/73193/b7d8bx		982	1176
BULAC	RASAM2	MS.ARA.1926	BULAC_MS_ARA_1926_0230	https://bina.bulac.fr/s/bina/ark:/73193/b7d8bx		982	1170
BULAC	RASAM2	MS.ARA.1926	BULAC_MS_ARA_1926_0246	https://bina.bulac.fr/s/bina/ark:/73193/b7d8bx		982	1156
BULAC	RASAM2	MS.ARA.1926	BULAC_MS_ARA_1926_0256	https://bina.bulac.fr/s/bina/ark:/73193/b7d8bx		982	1144
BULAC	RASAM2	MS.ARA.1926	BULAC_MS_ARA_1926_0273	https://bina.bulac.fr/s/bina/ark:/73193/b7d8bx		982	1184
BULAC	RASAM2	MS.ARA.1926	BULAC_MS_ARA_1926_0283	https://bina.bulac.fr/s/bina/ark:/73193/b7d8bx		982	1193
BULAC	RASAM2	MS.ARA.1926	BULAC_MS_ARA_1926_0295	https://bina.bulac.fr/s/bina/ark:/73193/b7d8bx		982	1180
BULAC	RASAM2	MS.ARA.1926	BULAC_MS_ARA_1926_0304	https://bina.bulac.fr/s/bina/ark:/73193/b7d8bx		982	1146
BULAC	RASAM2	MS.ARA.1926	BULAC_MS_ARA_1926_0312	https://bina.bulac.fr/s/bina/ark:/73193/b7d8bx		982	1135
BULAC	RASAM2	MS.ARA.1926	BULAC_MS_ARA_1926_0313	https://bina.bulac.fr/s/bina/ark:/73193/b7d8bx		982	1164
BULAC	RASAM2	MS.ARA.1926	BULAC_MS_ARA_1926_0314	https://bina.bulac.fr/s/bina/ark:/73193/b7d8bx		982	1105
BULAC	RASAM2	MS.ARA.1936	BULAC_MS_ARA_1936_174452	https://bina.bulac.fr/s/bina/ark:/73193/bcc306		2050	2780
BULAC	RASAM2	MS.ARA.1936	BULAC_MS_ARA_1936_174453	https://bina.bulac.fr/s/bina/ark:/73193/bcc306		982	1318
BULAC	RASAM2	MS.ARA.1936	BULAC_MS_ARA_1936_174465	https://bina.bulac.fr/s/bina/ark:/73193/bcc306		2050	2751
BULAC	RASAM2	MS.ARA.1936	BULAC_MS_ARA_1936_174478	https://bina.bulac.fr/s/bina/ark:/73193/bcc306		2050	2839
BULAC	RASAM2	MS.ARA.1936	BULAC_MS_ARA_1936_174479	https://bina.bulac.fr/s/bina/ark:/73193/bcc306		982	1360
BULAC	RASAM2	MS.ARA.1936	BULAC_MS_ARA_1936_174491	https://bina.bulac.fr/s/bina/ark:/73193/bcc306		2050	2789
BULAC	RASAM2	MS.ARA.1936	BULAC_MS_ARA_1936_174492	https://bina.bulac.fr/s/bina/ark:/73193/bcc306		982	1336
BULAC	RASAM2	MS.ARA.1936	BULAC_MS_ARA_1936_174504	https://bina.bulac.fr/s/bina/ark:/73193/bcc306		2050	2818
BULAC	RASAM2	MS.ARA.1936	BULAC_MS_ARA_1936_174530	https://bina.bulac.fr/s/bina/ark:/73193/bcc306		2050	2774
BULAC	RASAM2	MS.ARA.1936	BULAC_MS_ARA_1936_174543	https://bina.bulac.fr/s/bina/ark:/73193/bcc306		2050	2774
BULAC	RASAM2	MS.ARA.1936	BULAC_MS_ARA_1936_174569	https://bina.bulac.fr/s/bina/ark:/73193/bcc306		2050	2745
BULAC	RASAM2	MS.ARA.1936	BULAC_MS_ARA_1936_174582	https://bina.bulac.fr/s/bina/ark:/73193/bcc306		2050	2745
BULAC	RASAM2	MS.ARA.1936	BULAC_MS_ARA_1936_174595	https://bina.bulac.fr/s/bina/ark:/73193/bcc306		2050	2768
BULAC	RASAM2	MS.ARA.1936	BULAC_MS_ARA_1936_174608	https://bina.bulac.fr/s/bina/ark:/73193/bcc306		2050	2768
BULAC	RASAM2	MS.ARA.1936	BULAC_MS_ARA_1936_174634	https://bina.bulac.fr/s/bina/ark:/73193/bcc306		2050	2766
BULAC	RASAM2	MS.ARA.1936	BULAC_MS_ARA_1936_175365	https://bina.bulac.fr/s/bina/ark:/73193/bcc306		982	1309
BULAC	RASAM2	MS.ARA.1943	BULAC_MS_ARA_1943_180478	https://bina.bulac.fr/s/bina/ark:/73193/b5x6qh		2200	3147
BULAC	RASAM2	MS.ARA.1943	BULAC_MS_ARA_1943_180479	https://bina.bulac.fr/s/bina/ark:/73193/b5x6qh		3550	5100
BULAC	RASAM2	MS.ARA.1943	BULAC_MS_ARA_1943_180483	https://bina.bulac.fr/s/bina/ark:/73193/b5x6qh		2200	3161
BULAC	RASAM2	MS.ARA.1943	BULAC_MS_ARA_1943_180494	https://bina.bulac.fr/s/bina/ark:/73193/b5x6qh		2200	3161
BULAC	RASAM2	MS.ARA.1943	BULAC_MS_ARA_1943_180499	https://bina.bulac.fr/s/bina/ark:/73193/b5x6qh		3550	4956
BULAC	RASAM2	MS.ARA.1943	BULAC_MS_ARA_1943_180511	https://bina.bulac.fr/s/bina/ark:/73193/b5x6qh		2200	3071
BULAC	RASAM2	MS.ARA.1943	BULAC_MS_ARA_1943_180517	https://bina.bulac.fr/s/bina/ark:/73193/b5x6qh		2200	3116
BULAC	RASAM2	MS.ARA.1943	BULAC_MS_ARA_1943_180522	https://bina.bulac.fr/s/bina/ark:/73193/b5x6qh		3550	5028
BULAC	RASAM2	MS.ARA.1943	BULAC_MS_ARA_1943_180527	https://bina.bulac.fr/s/bina/ark:/73193/b5x6qh		2200	3116
BULAC	RASAM2	MS.ARA.1943	BULAC_MS_ARA_1943_180552	https://bina.bulac.fr/s/bina/ark:/73193/b5x6qh		2200	3116
BULAC	RASAM2	MS.ARA.1943	BULAC_MS_ARA_1943_180555	https://bina.bulac.fr/s/bina/ark:/73193/b5x6qh		3550	5028
BULAC	RASAM2	MS.ARA.1943	BULAC_MS_ARA_1943_180581	https://bina.bulac.fr/s/bina/ark:/73193/b5x6qh		2200	3116
BULAC	RASAM2	MS.ARA.1943	BULAC_MS_ARA_1943_180582	https://bina.bulac.fr/s/bina/ark:/73193/b5x6qh		3550	5028
BULAC	RASAM2	MS.ARA.1943	BULAC_MS_ARA_1943_180623	https://bina.bulac.fr/s/bina/ark:/73193/b5x6qh		3550	5043
BULAC	RASAM2	MS.ARA.1943	BULAC_MS_ARA_1943_180647	https://bina.bulac.fr/s/bina/ark:/73193/b5x6qh		3550	5043
BULAC	RASAM2	MS.ARA.1943	BULAC_MS_ARA_1943_180648	https://bina.bulac.fr/s/bina/ark:/73193/b5x6qh		2200	3125
BULAC	RASAM2	MS.ARA.1943	BULAC_MS_ARA_1943_180669	https://bina.bulac.fr/s/bina/ark:/73193/b5x6qh		3550	5043
BULAC	RASAM2	MS.ARA.1943	BULAC_MS_ARA_1943_180671	https://bina.bulac.fr/s/bina/ark:/73193/b5x6qh		3550	5043
BULAC	RASAM2	MS.ARA.1943	BULAC_MS_ARA_1943_180684	https://bina.bulac.fr/s/bina/ark:/73193/b5x6qh		3550	5082
BULAC	RASAM2	MS.ARA.1943	BULAC_MS_ARA_1943_180689	https://bina.bulac.fr/s/bina/ark:/73193/b5x6qh		3550	5028
BULAC	RASAM2	MS.ARA.1944	BULAC_MS_ARA_1944_0004	https://bina.bulac.fr/s/bina/ark:/73193/bj10cm		982	1329
BULAC	RASAM2	MS.ARA.1944	BULAC_MS_ARA_1944_0005	https://bina.bulac.fr/s/bina/ark:/73193/bj10cm		982	1329
BULAC	RASAM2	MS.ARA.1944	BULAC_MS_ARA_1944_0006	https://bina.bulac.fr/s/bina/ark:/73193/bj10cm		982	1329
BULAC	RASAM2	MS.ARA.1944	BULAC_MS_ARA_1944_0007	https://bina.bulac.fr/s/bina/ark:/73193/bj10cm		982	1329
BULAC	RASAM2	MS.ARA.1944	BULAC_MS_ARA_1944_0008	https://bina.bulac.fr/s/bina/ark:/73193/bj10cm		982	1329
BULAC	RASAM2	MS.ARA.1944	BULAC_MS_ARA_1944_0009	https://bina.bulac.fr/s/bina/ark:/73193/bj10cm		982	1329
BULAC	RASAM2	MS.ARA.1944	BULAC_MS_ARA_1944_0010	https://bina.bulac.fr/s/bina/ark:/73193/bj10cm		982	1329
BULAC	RASAM2	MS.ARA.1944	BULAC_MS_ARA_1944_0011	https://bina.bulac.fr/s/bina/ark:/73193/bj10cm		982	1329
BULAC	RASAM2	MS.ARA.1944	BULAC_MS_ARA_1944_0012	https://bina.bulac.fr/s/bina/ark:/73193/bj10cm		982	1329
BULAC	RASAM2	MS.ARA.1944	BULAC_MS_ARA_1944_0013	https://bina.bulac.fr/s/bina/ark:/73193/bj10cm		982	1329
BULAC	RASAM2	MS.ARA.1944	BULAC_MS_ARA_1944_0014	https://bina.bulac.fr/s/bina/ark:/73193/bj10cm		982	1329
BULAC	RASAM2	MS.ARA.1944	BULAC_MS_ARA_1944_0015	https://bina.bulac.fr/s/bina/ark:/73193/bj10cm		982	1329
BULAC	RASAM2	MS.ARA.1944	BULAC_MS_ARA_1944_0016	https://bina.bulac.fr/s/bina/ark:/73193/bj10cm		982	1329
BULAC	RASAM2	MS.ARA.1944	BULAC_MS_ARA_1944_0017	https://bina.bulac.fr/s/bina/ark:/73193/bj10cm		982	1329
BULAC	RASAM2	MS.ARA.1944	BULAC_MS_ARA_1944_0018	https://bina.bulac.fr/s/bina/ark:/73193/bj10cm		982	1338
BULAC	RASAM2	MS.ARA.1944	BULAC_MS_ARA_1944_0019	https://bina.bulac.fr/s/bina/ark:/73193/bj10cm		982	1338
BULAC	RASAM2	MS.ARA.1944	BULAC_MS_ARA_1944_0020	https://bina.bulac.fr/s/bina/ark:/73193/bj10cm		982	1338
BULAC	RASAM2	MS.ARA.1944	BULAC_MS_ARA_1944_0021	https://bina.bulac.fr/s/bina/ark:/73193/bj10cm		982	1338
BULAC	RASAM2	MS.ARA.1944	BULAC_MS_ARA_1944_0022	https://bina.bulac.fr/s/bina/ark:/73193/bj10cm		982	1338
BULAC	RASAM2	MS.ARA.1944	BULAC_MS_ARA_1944_0023	https://bina.bulac.fr/s/bina/ark:/73193/bj10cm		982	1338
BULAC	RASAM2	MS.ARA.1944	BULAC_MS_ARA_1944_0024	https://bina.bulac.fr/s/bina/ark:/73193/bj10cm		982	1338
BULAC	RASAM2	MS.ARA.1944	BULAC_MS_ARA_1944_0025	https://bina.bulac.fr/s/bina/ark:/73193/bj10cm		982	1338
BULAC	RASAM2	MS.ARA.1944	BULAC_MS_ARA_1944_0026	https://bina.bulac.fr/s/bina/ark:/73193/bj10cm		982	1338
BULAC	RASAM2	MS.ARA.1944	BULAC_MS_ARA_1944_0028	https://bina.bulac.fr/s/bina/ark:/73193/bj10cm		982	1338
BULAC	RASAM2	MS.ARA.1944	BULAC_MS_ARA_1944_0029	https://bina.bulac.fr/s/bina/ark:/73193/bj10cm		982	1338
BULAC	RASAM2	MS.ARA.1944	BULAC_MS_ARA_1944_0031	https://bina.bulac.fr/s/bina/ark:/73193/bj10cm		982	1338
BULAC	RASAM2	MS.ARA.1944	BULAC_MS_ARA_1944_0032	https://bina.bulac.fr/s/bina/ark:/73193/bj10cm		982	1329
BULAC	RASAM2	MS.ARA.1944	BULAC_MS_ARA_1944_0033	https://bina.bulac.fr/s/bina/ark:/73193/bj10cm		982	1329
BULAC	RASAM2	MS.ARA.1944	BULAC_MS_ARA_1944_0035	https://bina.bulac.fr/s/bina/ark:/73193/bj10cm		982	1329
BULAC	RASAM2	MS.ARA.1944	BULAC_MS_ARA_1944_0036	https://bina.bulac.fr/s/bina/ark:/73193/bj10cm		982	1329
BULAC	RASAM2	MS.ARA.1944	BULAC_MS_ARA_1944_0037	https://bina.bulac.fr/s/bina/ark:/73193/bj10cm		982	1329
BULAC	RASAM2	MS.ARA.1944	BULAC_MS_ARA_1944_0041	https://bina.bulac.fr/s/bina/ark:/73193/bj10cm		982	1343
BULAC	RASAM2	MS.ARA.1944	BULAC_MS_ARA_1944_0042	https://bina.bulac.fr/s/bina/ark:/73193/bj10cm		982	1343
BULAC	RASAM2	MS.ARA.1944	BULAC_MS_ARA_1944_0043	https://bina.bulac.fr/s/bina/ark:/73193/bj10cm		982	1343
BULAC	RASAM2	MS.ARA.1946	BULAC_MS_ARA_1946_0005	https://bina.bulac.fr/s/bina/ark:/73193/b8pkg9		982	1314
BULAC	RASAM2	MS.ARA.1946	BULAC_MS_ARA_1946_0010	https://bina.bulac.fr/s/bina/ark:/73193/b8pkg9		982	1314
BULAC	RASAM2	MS.ARA.1946	BULAC_MS_ARA_1946_0014	https://bina.bulac.fr/s/bina/ark:/73193/b8pkg9		982	1324
BULAC	RASAM2	MS.ARA.1946	BULAC_MS_ARA_1946_0027	https://bina.bulac.fr/s/bina/ark:/73193/b8pkg9		982	1324
BULAC	RASAM2	MS.ARA.1946	BULAC_MS_ARA_1946_0033	https://bina.bulac.fr/s/bina/ark:/73193/b8pkg9		982	1324
BULAC	RASAM2	MS.ARA.1946	BULAC_MS_ARA_1946_0042	https://bina.bulac.fr/s/bina/ark:/73193/b8pkg9		982	1324
BULAC	RASAM2	MS.ARA.1946	BULAC_MS_ARA_1946_0059	https://bina.bulac.fr/s/bina/ark:/73193/b8pkg9		982	1324
BULAC	RASAM2	MS.ARA.1946	BULAC_MS_ARA_1946_0061	https://bina.bulac.fr/s/bina/ark:/73193/b8pkg9		982	1324
BULAC	RASAM2	MS.ARA.1946	BULAC_MS_ARA_1946_0070	https://bina.bulac.fr/s/bina/ark:/73193/b8pkg9		982	1342
BULAC	RASAM2	MS.ARA.1946	BULAC_MS_ARA_1946_0077	https://bina.bulac.fr/s/bina/ark:/73193/b8pkg9		982	1342
BULAC	RASAM2	MS.ARA.1946	BULAC_MS_ARA_1946_0102	https://bina.bulac.fr/s/bina/ark:/73193/b8pkg9		982	1342
BULAC	RASAM2	MS.ARA.1946	BULAC_MS_ARA_1946_0105	https://bina.bulac.fr/s/bina/ark:/73193/b8pkg9		982	1342
BULAC	RASAM2	MS.ARA.1946	BULAC_MS_ARA_1946_0119	https://bina.bulac.fr/s/bina/ark:/73193/b8pkg9		982	1313
BULAC	RASAM2	MS.ARA.1946	BULAC_MS_ARA_1946_0125	https://bina.bulac.fr/s/bina/ark:/73193/b8pkg9		982	1313
BULAC	RASAM2	MS.ARA.1947	BULAC_MS_ARA_1947_0392	https://bina.bulac.fr/s/bina/ark:/73193/bdfnnt		982	1224
BULAC	RASAM2	MS.ARA.1947	BULAC_MS_ARA_1947_0393	https://bina.bulac.fr/s/bina/ark:/73193/bdfnnt		982	1224
BULAC	RASAM2	MS.ARA.1947	BULAC_MS_ARA_1947_0396	https://bina.bulac.fr/s/bina/ark:/73193/bdfnnt		982	1224
BULAC	RASAM2	MS.ARA.1947	BULAC_MS_ARA_1947_178593	https://bina.bulac.fr/s/bina/ark:/73193/bdfnnt		2000	2446
BULAC	RASAM2	MS.ARA.1947	BULAC_MS_ARA_1947_178606	https://bina.bulac.fr/s/bina/ark:/73193/bdfnnt		2000	2448
BULAC	RASAM2	MS.ARA.1947	BULAC_MS_ARA_1947_178632	https://bina.bulac.fr/s/bina/ark:/73193/bdfnnt		2000	2448
BULAC	RASAM2	MS.ARA.1947	BULAC_MS_ARA_1947_178645	https://bina.bulac.fr/s/bina/ark:/73193/bdfnnt		2000	2448
BULAC	RASAM2	MS.ARA.1947	BULAC_MS_ARA_1947_178658	https://bina.bulac.fr/s/bina/ark:/73193/bdfnnt		2000	2397
BULAC	RASAM2	MS.ARA.1947	BULAC_MS_ARA_1947_178671	https://bina.bulac.fr/s/bina/ark:/73193/bdfnnt		2000	2439
BULAC	RASAM2	MS.ARA.1947	BULAC_MS_ARA_1947_178697	https://bina.bulac.fr/s/bina/ark:/73193/bdfnnt		2000	2439
BULAC	RASAM2	MS.ARA.1947	BULAC_MS_ARA_1947_178710	https://bina.bulac.fr/s/bina/ark:/73193/bdfnnt		2000	2439
BULAC	RASAM2	MS.ARA.1947	BULAC_MS_ARA_1947_178723	https://bina.bulac.fr/s/bina/ark:/73193/bdfnnt		2000	2439
BULAC	RASAM2	MS.ARA.1947	BULAC_MS_ARA_1947_178749	https://bina.bulac.fr/s/bina/ark:/73193/bdfnnt		2000	2466
BULAC	RASAM2	MS.ARA.1960	BULAC_MS_ARA_1960_0113	https://bina.bulac.fr/s/bina/ark:/73193/bstrdn		982	1332
BULAC	RASAM2	MS.ARA.1960	BULAC_MS_ARA_1960_180875	https://bina.bulac.fr/s/bina/ark:/73193/bstrdn		2000	2718
BULAC	RASAM2	MS.ARA.1960	BULAC_MS_ARA_1960_180888	https://bina.bulac.fr/s/bina/ark:/73193/bstrdn		2000	2773
BULAC	RASAM2	MS.ARA.1960	BULAC_MS_ARA_1960_180901	https://bina.bulac.fr/s/bina/ark:/73193/bstrdn		2000	2773
BULAC	RASAM2	MS.ARA.1960	BULAC_MS_ARA_1960_180927	https://bina.bulac.fr/s/bina/ark:/73193/bstrdn		2000	2773
BULAC	RASAM2	MS.ARA.1960	BULAC_MS_ARA_1960_180940	https://bina.bulac.fr/s/bina/ark:/73193/bstrdn		2000	2712
BULAC	RASAM2	MS.ARA.1960	BULAC_MS_ARA_1960_180953	https://bina.bulac.fr/s/bina/ark:/73193/bstrdn		2000	2712
BULAC	RASAM2	MS.ARA.1960	BULAC_MS_ARA_1960_180966	https://bina.bulac.fr/s/bina/ark:/73193/bstrdn		2000	2712
BULAC	RASAM2	MS.ARA.1960	BULAC_MS_ARA_1960_180979	https://bina.bulac.fr/s/bina/ark:/73193/bstrdn		2000	2712
BULAC	RASAM2	MS.ARA.1960	BULAC_MS_ARA_1960_181005	https://bina.bulac.fr/s/bina/ark:/73193/bstrdn		2000	2698
BULAC	RASAM2	MS.ARA.1960	BULAC_MS_ARA_1960_181018	https://bina.bulac.fr/s/bina/ark:/73193/bstrdn		2000	2698
BULAC	RASAM2	MS.ARA.1960	BULAC_MS_ARA_1960_181031	https://bina.bulac.fr/s/bina/ark:/73193/bstrdn		2000	2698
BULAC	RASAM2	MS.ARA.1960	BULAC_MS_ARA_1960_181057	https://bina.bulac.fr/s/bina/ark:/73193/bstrdn		2000	2698
BULAC	RASAM2	MS.ARA.1982	BULAC_MS_ARA_1982_181986	https://bina.bulac.fr/s/bina/ark:/73193/bvmdrp		2500	3805
BULAC	RASAM2	MS.ARA.1982	BULAC_MS_ARA_1982_181987	https://bina.bulac.fr/s/bina/ark:/73193/bvmdrp		2500	3805
BULAC	RASAM2	MS.ARA.1982	BULAC_MS_ARA_1982_182022	https://bina.bulac.fr/s/bina/ark:/73193/bvmdrp		2500	3792
BULAC	RASAM2	MS.ARA.1982	BULAC_MS_ARA_1982_182122	https://bina.bulac.fr/s/bina/ark:/73193/bvmdrp		2500	3800
BULAC	RASAM2	MS.ARA.1982	BULAC_MS_ARA_1982_182184	https://bina.bulac.fr/s/bina/ark:/73193/bvmdrp		2500	3800
BULAC	RASAM2	MS.ARA.1982	BULAC_MS_ARA_1982_182222	https://bina.bulac.fr/s/bina/ark:/73193/bvmdrp		2500	3800
BULAC	RASAM2	MS.ARA.1982	BULAC_MS_ARA_1982_182244	https://bina.bulac.fr/s/bina/ark:/73193/bvmdrp		2500	3800
BULAC	RASAM2	MS.ARA.1982	BULAC_MS_ARA_1982_182247	https://bina.bulac.fr/s/bina/ark:/73193/bvmdrp		2500	3800
BULAC	RASAM2	MS.ARA.1983	BULAC_MS_ARA_1983_177816	https://bina.bulac.fr/s/bina/ark:/73193/bz8x88		2050	2973
BULAC	RASAM2	MS.ARA.1983	BULAC_MS_ARA_1983_177818	https://bina.bulac.fr/s/bina/ark:/73193/bz8x88		2050	2973
BULAC	RASAM2	MS.ARA.1983	BULAC_MS_ARA_1983_177819	https://bina.bulac.fr/s/bina/ark:/73193/bz8x88		2050	2973
BULAC	RASAM2	MS.ARA.1983	BULAC_MS_ARA_1983_177820	https://bina.bulac.fr/s/bina/ark:/73193/bz8x88		2050	2961
BULAC	RASAM2	MS.ARA.1983	BULAC_MS_ARA_1983_177822	https://bina.bulac.fr/s/bina/ark:/73193/bz8x88		2050	2958
BULAC	RASAM2	MS.ARA.1983	BULAC_MS_ARA_1983_177823	https://bina.bulac.fr/s/bina/ark:/73193/bz8x88		2050	2958
BULAC	RASAM2	MS.ARA.1983	BULAC_MS_ARA_1983_177824	https://bina.bulac.fr/s/bina/ark:/73193/bz8x88		2050	2976
BULAC	RASAM2	MS.ARA.1983	BULAC_MS_ARA_1983_177826	https://bina.bulac.fr/s/bina/ark:/73193/bz8x88		2050	2951
BULAC	RASAM2	MS.ARA.1983	BULAC_MS_ARA_1983_177827	https://bina.bulac.fr/s/bina/ark:/73193/bz8x88		2050	2951
BULAC	RASAM2	MS.ARA.1983	BULAC_MS_ARA_1983_177828	https://bina.bulac.fr/s/bina/ark:/73193/bz8x88		2050	2949
BULAC	RASAM2	MS.ARA.1983	BULAC_MS_ARA_1983_177829	https://bina.bulac.fr/s/bina/ark:/73193/bz8x88		2050	2949
BULAC	RASAM2	MS.ARA.1983	BULAC_MS_ARA_1983_177830	https://bina.bulac.fr/s/bina/ark:/73193/bz8x88		2050	2949